,id,student_id,course_grade
id,1.0,0.9994914872707021,-0.023296567933543694
student_id,0.9994914872707021,1.0,-0.023669121945149123
course_grade,-0.023296567933543694,-0.023669121945149123,1.0
